Handle,Title,Body (HTML),Vendor,Product Category,Type,Tags,Price,Compare At Price,SKU,Barcode,Weight,Variant Inventory Tracker,Variant Inventory Qty,Option1 Name,Option1 Value
alpha-brain,Alpha BRAIN (30 capsules),<p>Onnit's flagship nootropic in the 30-count bottle — the cheapest honest way to find out whether this category does anything for you.</p>,Moddose,Supplements,Focus & Memory,starter,29.90,,NTRP-ALPHA-30CT,,0.1,shopify,100,Supply size,30 capsules
gorilla-mind-energy-focus,Energy & Focus (12 servings),<p>Gorilla Mind's energy and focus formula in single-serve packs — built for demanding days rather than everyday use.</p>,Moddose,Supplements,Energy & Focus,mid-tier,49.80,,NTRP-GORILLA-12PK,,0.5,shopify,100,Supply size,12 servings
qualia-day-night-bundle,Qualia Mind + Qualia Night (2 products),<p>Neurohacker's daytime and evening formulas bought together — because for most people the focus problem starts the night before.</p>,Moddose,Supplements,Cognitive Support,"mid-tier,bundle",68.70,,NTRP-QUALIA-BNDL,,0.2,shopify,50,Supply size,2 products
mind-lab-pro,Mind Lab Pro (60 capsules),"<p>A single broad-spectrum, stimulant-free daily formula for people who want one bottle on the shelf instead of six.</p>",Moddose,Supplements,Universal Brain Support,bulk-entry,79.50,,NTRP-MLP-60CT,,0.1,shopify,100,Supply size,60 capsules
alpha-brain-black-label,Alpha BRAIN Black Label (60 capsules),"<p>The higher-specification version of Alpha BRAIN, using different raw materials and a reworked formula.</p>",Moddose,Supplements,Premium Nootropic,"bulk,premium",109.00,,NTRP-ALPHA-BLACK,,0.1,shopify,50,Supply size,60 capsules
qualia-mind,Qualia Mind (154 capsules),"<p>Neurohacker's flagship: a long, fully disclosed ingredient list at a large daily serving, for people who want breadth in one product.</p>",Moddose,Supplements,Premium Nootropic,"bulk,premium",198.00,,NTRP-QUALIA-MIND,,0.2,shopify,25,Supply size,154 capsules
thrivous-day-night-stack,Complete Day & Night Stack (240 capsules),"<p>Thrivous's day and night formulas together in a large supply, at the lowest cost per day on the shelf.</p>",Moddose,Supplements,Daily Stack,"bulk,bundle",249.00,,NTRP-THRIVOUS-240,,0.5,shopify,25,Supply size,240 capsules
qualia-mind-2-bottle,Qualia Mind (2 bottles),<p>An extended supply for people who have settled on Qualia Mind and want to stop reordering.</p>,Moddose,Supplements,Bulk Bundle,"wholesale,bundle",395.00,,NTRP-QUALIA-2PK,,0.5,shopify,15,Supply size,2 bottles
qualia-mind-4-bottle,Qualia Mind (4 bottles),"<p>Four sealed bottles of Qualia Mind — a long supply, for people who are certain.</p>",Moddose,Supplements,Bulk Bundle,"wholesale,bundle",790.00,,NTRP-QUALIA-4PK,,1,shopify,10,Supply size,4 bottles
